id,first_name,last_name,email,gender,location
1,Cheryl,Hoovart,choovart0@pbs.org,Female,Duba
2,Bank,Rosebotham,brosebotham1@squidoo.com,Male,Shicha
3,Chen,Lindsay,clindsay2@cafepress.com,Male,San Rafael del Sur
4,Yale,Amer,yamer3@hc360.com,Male,Niulanshan
5,Norrie,Stonard,nstonard4@amazon.co.uk,Female,Tokombere
6,Benedetto,Causby,bcausby5@answers.com,Male,Jalpatagua
7,Jannel,Doutch,jdoutch6@cmu.edu,Female,Surin
8,Reggie,Osgar,rosgar7@imageshack.us,Male,Concordia
9,Eadie,Gillespey,egillespey8@ucla.edu,Female,Norakert
10,Karina,Bignal,kbignal9@ezinearticles.com,Female,Xiaoxiang
11,Daria,Filochov,dfilochova@google.ca,Female,Zmeyskaya
12,Tess,Myner,tmynerb@businessweek.com,Female,Merdeka
13,Arel,Fenny,afennyc@latimes.com,Male,Faro
14,Howard,Lyffe,hlyffed@liveinternet.ru,Male,Nanzhao
15,Tyne,Matuskiewicz,tmatuskiewicze@facebook.com,Female,La Motte-Servolex
16,Kylie,Campione,kcampionef@biblegateway.com,Female,Kachkanar
17,Perl,Barringer,pbarringerg@chron.com,Female,Fenlu
18,Corabel,Jerrard,cjerrardh@latimes.com,Female,Capanema
19,Vickie,Beagrie,vbeagriei@sitemeter.com,Female,Tominian
20,Angus,Sawkins,asawkinsj@devhub.com,Male,Miaotou
21,Tonnie,Reade,treadek@jimdo.com,Male,Gobojango
22,Milton,Nelius,mneliusl@php.net,Male,Wilmington
23,Jules,Marham,jmarhamm@squidoo.com,Male,Heba
24,Shoshanna,Salvador,ssalvadorn@irs.gov,Female,Colosó
25,Yehudit,Deinhard,ydeinhardo@bloglovin.com,Male,Plavsk
26,Janelle,Alison,jalisonp@hibu.com,Female,Daitou
27,Jemimah,Renihan,jrenihanq@w3.org,Female,Colorado Springs
28,Thornton,Coyle,tcoyler@instagram.com,Male,Landi Kotal
29,Mei,Berceros,mberceross@huffingtonpost.com,Female,Muraharjo
30,Anica,Arend,aarendt@unblog.fr,Female,Nalus
31,Nanon,Dewitt,ndewittu@cbsnews.com,Female,Toki
32,Brigida,Overton,bovertonv@biblegateway.com,Female,Himi
33,Portie,Robbs,probbsw@nasa.gov,Male,Puyang
34,Lenna,Pitblado,lpitbladox@tinypic.com,Female,São Pedro Gafanhoeira
35,Dulcy,Scanlan,dscanlany@soup.io,Female,Uddevalla
36,Ave,Adolf,aadolfz@nifty.com,Male,Gémeos
37,Tarah,Petrashov,tpetrashov10@domainmarket.com,Female,Ngurenrejo
38,Myriam,Seville,mseville11@census.gov,Female,Gugut
39,Allister,Andersson,aandersson12@homestead.com,Male,Madjeouéni
40,Gwenneth,Simmell,gsimmell13@nih.gov,Female,Mulhouse
41,Aguste,De Meyer,ademeyer14@canalblog.com,Male,Bastak
42,Calhoun,Ferrino,cferrino15@ted.com,Male,Pakenjeng
43,Rebeka,Sach,rsach16@wikimedia.org,Female,Shangyi
44,Carolina,Krale,ckrale17@berkeley.edu,Female,Paccha
45,Isaac,Cooke,icooke18@time.com,Male,Gromadka
46,Lissie,MacGorman,lmacgorman19@sourceforge.net,Female,Dimitsána
47,Lorne,Teffrey,lteffrey1a@tinypic.com,Male,Nové Město nad Metují
48,Sander,Sames,ssames1b@squidoo.com,Male,Luhansk
49,Pepito,Songer,psonger1c@forbes.com,Male,Gaio
50,Merrick,Phipson,mphipson1d@mozilla.com,Male,Kotaagung
51,Shea,Rays,srays1e@1und1.de,Male,Erjia
52,Kerri,Fessier,kfessier1f@fotki.com,Female,Shilovo
53,Haily,Gammon,hgammon1g@independent.co.uk,Male,Mulhouse
54,Torrey,Fitchet,tfitchet1h@cdbaby.com,Male,San Miguel de Tucumán
55,Mortie,Kiltie,mkiltie1i@free.fr,Male,Bouças
56,Noelani,Morton,nmorton1j@shinystat.com,Female,Tijão
57,Jillayne,Ianizzi,jianizzi1k@netvibes.com,Female,Twardawa
58,Godwin,Bartaletti,gbartaletti1l@deliciousdays.com,Male,Pader Palwo
59,Humphrey,Rottcher,hrottcher1m@dion.ne.jp,Male,Gião
60,Adelbert,Stanfield,astanfield1n@tinypic.com,Male,Krajan
61,Geoffry,Davidovsky,gdavidovsky1o@bloglovin.com,Male,Ussel
62,Pete,Staneland,pstaneland1p@businessinsider.com,Male,Kurzętnik
63,Ferrell,Strode,fstrode1q@google.cn,Male,Burūm
64,Pandora,Pettiward,ppettiward1r@chicagotribune.com,Female,Frederiksberg
65,Savina,Riggulsford,sriggulsford1s@purevolume.com,Female,Pingshi
66,Berky,Moncreif,bmoncreif1t@dagondesign.com,Male,Totolan
67,Emili,Jenny,ejenny1u@indiegogo.com,Female,Gombe
68,Dominic,Piffe,dpiffe1v@japanpost.jp,Male,Blora
69,D'arcy,Phlipon,dphlipon1w@state.gov,Male,Daliuhao
70,Ariela,Summerside,asummerside1x@who.int,Female,Saint-Quentin-Fallavier
71,Jeanna,Willacot,jwillacot1y@gov.uk,Female,Digos
72,Melisande,Kirsopp,mkirsopp1z@kickstarter.com,Female,Kitapak
73,Tammie,Viollet,tviollet20@google.fr,Female,Medina
74,Ariela,Jecock,ajecock21@twitter.com,Female,Budzów
75,Kyrstin,Turl,kturl22@mit.edu,Female,Ciranca Satu
76,Reggie,Barles,rbarles23@wufoo.com,Male,Sanli
77,Gilberte,Vallentine,gvallentine24@state.tx.us,Female,Tabou
78,Madelaine,Dowall,mdowall25@bloglines.com,Female,Suḩayl Shibām
79,Adriane,McGhee,amcghee26@google.de,Female,Jingdu
80,Lelia,Petersen,lpetersen27@archive.org,Female,Vila Franca da Beira
81,Gunar,Bibey,gbibey28@icq.com,Male,Alarobia
82,Tyson,MacDonough,tmacdonough29@a8.net,Male,Bălţi
83,Chrissy,Scriven,cscriven2a@geocities.jp,Male,Guoxiang
84,Milty,Yurin,myurin2b@histats.com,Male,Seririt
85,Emilie,Collop,ecollop2c@amazon.co.uk,Female,El Regalo
86,Jeanna,Jancey,jjancey2d@technorati.com,Female,Zábřeh
87,Felisha,Ipsley,fipsley2e@bloomberg.com,Female,Wulong
88,Zorah,De Filippo,zdefilippo2f@moonfruit.com,Female,Fukiage-fujimi
89,Karyn,Crush,kcrush2g@cisco.com,Female,Vargem Grande Paulista
90,Sydney,Bowhey,sbowhey2h@goo.ne.jp,Female,Qiaoyi
91,Rickie,Line,rline2i@blog.com,Female,Wangchuanchang
92,Elvyn,Broschek,ebroschek2j@arstechnica.com,Male,Qiancheng
93,Livvie,Mc Grath,lmcgrath2k@newyorker.com,Female,Mababanaba
94,Gasparo,Rheubottom,grheubottom2l@youtu.be,Male,Sanchahe
95,Fleming,Veronique,fveronique2m@stanford.edu,Male,Libourne
96,Peadar,Laxtonne,plaxtonne2n@4shared.com,Male,Všestary
97,Lyndell,Coburn,lcoburn2o@github.com,Female,Malé Svatoňovice
98,Orsola,Barnwall,obarnwall2p@mayoclinic.com,Female,Storuman
99,Evan,Ladlow,eladlow2q@php.net,Male,Kalodu
100,Brandyn,Grimsdike,bgrimsdike2r@free.fr,Male,Clermont-Ferrand
101,Hyacinth,Cureton,hcureton2s@360.cn,Female,Cikadongdong
102,Vina,Odlin,vodlin2t@ft.com,Female,Ani-e
103,Janos,Marson,jmarson2u@jugem.jp,Male,Tangal
104,Thelma,Bouskill,tbouskill2v@tiny.cc,Female,Ijuí
105,Thedrick,Entissle,tentissle2w@arizona.edu,Male,Gobernador Ingeniero Valentín Virasoro
106,Mahmud,Rosenblath,mrosenblath2x@fema.gov,Male,Rāmhormoz
107,Barris,Burgis,bburgis2y@tuttocitta.it,Male,Lucheng
108,Clari,Yerrill,cyerrill2z@prnewswire.com,Female,Churubamba
109,Iona,Gilliver,igilliver30@netlog.com,Female,Nikol’skoye
110,Kellsie,Andrivel,kandrivel31@usatoday.com,Female,Lokossa
111,Aldwin,Vlahos,avlahos32@devhub.com,Male,Poggio di Chiesanuova
112,Willey,Rockliffe,wrockliffe33@theglobeandmail.com,Male,Feyẕābād
113,Dilan,Gittoes,dgittoes34@qq.com,Male,Sibanicú
114,Jaymee,Kemmer,jkemmer35@sina.com.cn,Female,Ekou
115,Donovan,Smeed,dsmeed36@webnode.com,Male,Ledoy
116,Sharline,Snepp,ssnepp37@phpbb.com,Female,Ipirá
117,Padgett,Abramsky,pabramsky38@reddit.com,Male,Lebak
118,Sibylla,Lavall,slavall39@bravesites.com,Female,Miguel Hidalgo
119,Oswald,Roache,oroache3a@businessinsider.com,Male,Abomsa
120,Jerald,Goade,jgoade3b@posterous.com,Male,Az Zabadānī
121,Thibaud,Tidey,ttidey3c@ucoz.com,Male,Milanów
122,Lockwood,Nashe,lnashe3d@examiner.com,Male,Shibata
123,Aveline,Cowton,acowton3e@state.gov,Female,Longxing
124,Cristi,Lerner,clerner3f@china.com.cn,Female,Ust-Maya
125,Maureene,Jacop,mjacop3g@about.com,Female,Longquan
126,Tabby,Ryson,tryson3h@clickbank.net,Female,Arīḩā
127,Theodor,Drackford,tdrackford3i@fotki.com,Male,Dongpu
128,Any,Keeler,akeeler3j@sogou.com,Male,Trŭn
129,Maitilde,Luddy,mluddy3k@cornell.edu,Female,Buk
130,Julio,Drei,jdrei3l@cpanel.net,Male,Prelog
131,Fran,Tabor,ftabor3m@acquirethisname.com,Female,Lucapon
132,Jim,Shackesby,jshackesby3n@over-blog.com,Male,Druya
133,Matilde,Scotchford,mscotchford3o@ihg.com,Female,Bulubrangsi
134,Jonell,Margeram,jmargeram3p@time.com,Female,Bagnolet
135,Cathleen,Borgne,cborgne3q@bluehost.com,Female,Oefau
136,Lilyan,Mapplethorpe,lmapplethorpe3r@archive.org,Female,Obuasi
137,Shae,Mannion,smannion3s@webeden.co.uk,Male,Zahvizdya
138,Banky,Blunsum,bblunsum3t@vinaora.com,Male,Fengyi
139,Brandy,Drabble,bdrabble3u@issuu.com,Female,Madison
140,Arlena,Ference,aference3v@nyu.edu,Female,Lyudinovo
141,Wyatt,Bodsworth,wbodsworth3w@mozilla.com,Male,Shumerlya
142,Giff,Woollaston,gwoollaston3x@blinklist.com,Male,Randuagung
143,Darius,Wagon,dwagon3y@seesaa.net,Male,Bang Bo District
144,Gail,D'Onisi,gdonisi3z@irs.gov,Male,Paphos
145,Bendix,Kingdon,bkingdon40@pcworld.com,Male,Blizne
146,Bab,Ochiltree,bochiltree41@amazon.de,Female,Diriomo
147,Aloin,Glandfield,aglandfield42@squidoo.com,Male,Vittoriosa
148,Bryn,Crehan,bcrehan43@washingtonpost.com,Female,Huansheng
149,Alisun,Benardet,abenardet44@wp.com,Female,Cambanay
150,Quentin,Pechan,qpechan45@drupal.org,Male,Yuncao
151,Fifine,Hue,fhue46@mysql.com,Female,Sharan
152,Conchita,Swindlehurst,cswindlehurst47@marriott.com,Female,Yegorlykskaya
153,Hal,Greedyer,hgreedyer48@a8.net,Male,Batobato
154,Tim,Ivankovic,tivankovic49@oaic.gov.au,Female,Chenda
155,Currie,Abrahamoff,cabrahamoff4a@kickstarter.com,Male,Fotolívos
156,Morton,Piecha,mpiecha4b@sbwire.com,Male,Czchów
157,Harlie,Quarless,hquarless4c@wikia.com,Female,Longtian
158,Celestia,Lucy,clucy4d@redcross.org,Female,San Cristóbal
159,Pavla,Nind,pnind4e@cpanel.net,Female,Botucatu
160,Garrick,Unsworth,gunsworth4f@usatoday.com,Male,Besisahar
161,Dorelle,Jessel,djessel4g@mtv.com,Female,Lusacan
162,Claudie,De Matteis,cdematteis4h@gizmodo.com,Female,Hongjiang
163,Palm,Johl,pjohl4i@house.gov,Male,Labinot-Mal
164,Bernhard,Aberdeen,baberdeen4j@alibaba.com,Male,Yelan’-Kolenovskiy
165,Addie,Leil,aleil4k@feedburner.com,Male,Thung Khru
166,Lita,Bernhardsson,lbernhardsson4l@fotki.com,Female,Cumadcad
167,Devy,Gledstane,dgledstane4m@boston.com,Male,Raofeng
168,Justine,Pinchin,jpinchin4n@forbes.com,Female,Port Antonio
169,Garey,Rodear,grodear4o@google.co.jp,Male,Koronowo
170,Karilynn,Batson,kbatson4p@tmall.com,Female,Colorado Springs
171,Demetra,Brunsden,dbrunsden4q@biblegateway.com,Female,Qingyang
172,Reube,Beard,rbeard4r@netvibes.com,Male,Jīsh
173,Jayne,Di Matteo,jdimatteo4s@intel.com,Female,Vesoul
174,Walt,De Giovanni,wdegiovanni4t@shinystat.com,Male,Nouaseur
175,Bettye,Addicote,baddicote4u@msu.edu,Female,Xicheng
176,Xenia,Pawellek,xpawellek4v@livejournal.com,Female,Kota Kinabalu
177,Demott,Kinahan,dkinahan4w@odnoklassniki.ru,Male,Aţ Ţurrah
178,Phillipp,Dwelley,pdwelley4x@europa.eu,Male,Duayaw Nkwanta
179,Terrell,Choppin,tchoppin4y@google.co.jp,Male,Kota Kinabalu
180,Kaela,Boyd,kboyd4z@gravatar.com,Female,Xiage
181,Donnamarie,Shovlin,dshovlin50@tumblr.com,Female,Mucuri
182,Chandra,Thexton,cthexton51@ezinearticles.com,Female,Lubień Kujawski
183,Dene,Coners,dconers52@toplist.cz,Male,Sendai-shi
184,Korey,Gritten,kgritten53@wufoo.com,Male,Kuala Lumpur
185,Enos,Bewley,ebewley54@admin.ch,Male,Khao Wong
186,Filip,Newband,fnewband55@odnoklassniki.ru,Male,Kinel’-Cherkassy
187,Hartwell,Kepling,hkepling56@tumblr.com,Male,Garunggang
188,Rex,Syalvester,rsyalvester57@cafepress.com,Male,Mae Lao
189,Dene,Kivelle,dkivelle58@cbsnews.com,Male,Khryashchevka
190,Shelton,Shavel,sshavel59@flavors.me,Male,Beira
191,Mozelle,Tankin,mtankin5a@yellowpages.com,Female,Mojorembun
192,Emmanuel,Beedie,ebeedie5b@netscape.com,Male,Runka
193,Danell,Idel,didel5c@twitpic.com,Female,Dolsk
194,Nanine,Picton,npicton5d@marketwatch.com,Female,Acolla
195,Carmencita,Hake,chake5e@statcounter.com,Female,Chayek
196,Renault,Stidson,rstidson5f@t.co,Male,Xushan
197,Phoebe,Downage,pdownage5g@miibeian.gov.cn,Female,Calvário
198,Dorolice,McGaughay,dmcgaughay5h@pagesperso-orange.fr,Female,Jielin
199,Artair,Reveland,areveland5i@tripadvisor.com,Male,Šentilj v Slov. Goricah
200,Patten,Magnar,pmagnar5j@issuu.com,Male,Mino
201,Aurelea,Lydiatt,alydiatt5k@disqus.com,Female,Rahayu
202,Dorette,Hamm,dhamm5l@va.gov,Female,Sungaibengkal
203,Pearle,Frankcombe,pfrankcombe5m@smh.com.au,Female,Noeltoko
204,Roxine,MacNalley,rmacnalley5n@tinypic.com,Female,Lisewo
205,Anthea,Sweatland,asweatland5o@wunderground.com,Female,Jincheng
206,Elicia,Ropkins,eropkins5p@nationalgeographic.com,Female,Qinjiang
207,Madeline,Mc Gaughey,mmcgaughey5q@guardian.co.uk,Female,Payao
208,Maxim,Northill,mnorthill5r@jiathis.com,Male,Sherwood Park
209,Ingmar,Duggen,iduggen5s@etsy.com,Male,Tuanjie
210,Adelaida,Kuhnke,akuhnke5t@usnews.com,Female,Mekele
211,Joyce,Woodlands,jwoodlands5u@theguardian.com,Female,Krasnorechenskiy
212,Dorelia,Markey,dmarkey5v@t-online.de,Female,Camarate
213,Ricardo,Neale,rneale5w@squidoo.com,Male,Campo Quijano
214,Thia,Keyzor,tkeyzor5x@wikimedia.org,Female,Xingguo
215,Britta,Spancock,bspancock5y@technorati.com,Female,Billdal
216,Hermon,Brose,hbrose5z@ibm.com,Male,Changcun
217,Joela,Knewstub,jknewstub60@gmpg.org,Female,Antioquia
218,Corrina,Archer,carcher61@dailymotion.com,Female,Ankou
219,Eberhard,Phelips,ephelips62@elpais.com,Male,Beroroha
220,Webb,Bottrell,wbottrell63@stumbleupon.com,Male,San Juan del Surutú
221,Russ,Neate,rneate64@home.pl,Male,Portachuelo
222,Karlotte,Heffron,kheffron65@desdev.cn,Female,Piet Retief
223,Manuel,Oland,moland66@virginia.edu,Male,Yongchang
224,Sawyere,Kingswold,skingswold67@zdnet.com,Male,Adzopé
225,Carlie,Machan,cmachan68@npr.org,Female,Agualote
226,Morgen,Peach,mpeach69@hud.gov,Male,Pamoyanan
227,Martie,Yell,myell6a@stumbleupon.com,Female,Tsuen Wan
228,Angie,Keig,akeig6b@wunderground.com,Female,Wujiayao
229,Astra,Genge,agenge6c@g.co,Female,Trudobelikovskiy
230,Glen,Andreoletti,gandreoletti6d@rediff.com,Female,Lincoln
231,Karlens,Domnin,kdomnin6e@yahoo.com,Male,Ghār al Milḩ
232,Hedda,Grafton-Herbert,hgraftonherbert6f@nature.com,Female,Qionghai
233,Aurilia,Galliver,agalliver6g@blogtalkradio.com,Female,Kamirenjaku
234,Carina,Noel,cnoel6h@time.com,Female,Nova Prata
235,Morgun,Vinnicombe,mvinnicombe6i@phpbb.com,Male,Podhum
236,Lucho,Chell,lchell6j@360.cn,Male,Mesopotam
237,Ab,Marjanovic,amarjanovic6k@nyu.edu,Male,Dongzhang
238,Hilario,Salack,hsalack6l@mit.edu,Male,Hengli
239,Ellen,Mosson,emosson6m@de.vu,Female,La Virtud
240,Aurilia,Muddiman,amuddiman6n@umich.edu,Female,Hongtang
241,Nels,Rubinek,nrubinek6o@stanford.edu,Male,Khōshī
242,Mag,Forbear,mforbear6p@topsy.com,Female,Bojonglarang
243,Conrade,Guillard,cguillard6q@pen.io,Male,Sukarama
244,Akim,Maple,amaple6r@indiatimes.com,Male,Zizhao
245,Reiko,Yoxall,ryoxall6s@salon.com,Female,Songshan
246,Samuel,Rudge,srudge6t@ihg.com,Male,Žitenice
247,Clark,Strippel,cstrippel6u@sciencedaily.com,Male,Troyes
248,Conrado,Sharper,csharper6v@seesaa.net,Male,Kipini
249,Noella,Pugsley,npugsley6w@stumbleupon.com,Female,Baalbek
250,Merill,Sandercroft,msandercroft6x@g.co,Male,Rancho Viejo
251,Alistair,Chaimson,achaimson6y@usgs.gov,Male,Sokol
252,Bobbette,Kearey,bkearey6z@naver.com,Female,Sila Lat
253,Beltran,Morforth,bmorforth70@exblog.jp,Male,Xinshui
254,Wesley,Germon,wgermon71@scientificamerican.com,Male,Krandil
255,Justino,McMurty,jmcmurty72@gravatar.com,Male,Évry
256,Ennis,Cridlin,ecridlin73@google.cn,Male,Thouars
257,Elicia,Hassett,ehassett74@uol.com.br,Female,Kyprínos
258,Dallas,Lantuffe,dlantuffe75@xinhuanet.com,Male,Horad Smalyavichy
259,Clementina,Josephov,cjosephov76@timesonline.co.uk,Female,Yuanzhou
260,Godfrey,Daulton,gdaulton77@earthlink.net,Male,Ainaži
261,Trent,Northam,tnortham78@nydailynews.com,Male,Pombal
262,Torrance,Pirrone,tpirrone79@studiopress.com,Male,Jiucaizhuang
263,Tracy,Tender,ttender7a@comsenz.com,Male,Béziers
264,Joaquin,Brazener,jbrazener7b@gizmodo.com,Male,Trondheim
265,Shirley,Hankinson,shankinson7c@shutterfly.com,Female,Lazaro Cardenas
266,Guthrey,Coggon,gcoggon7d@addtoany.com,Male,El Carmen de Bolívar
267,Matthiew,Volker,mvolker7e@freewebs.com,Male,Pantai Ceuremen
268,Henrietta,Magnar,hmagnar7f@ucoz.com,Female,Panggungwinong
269,Astrid,Stuckes,astuckes7g@youku.com,Female,Du’ermenqin
270,Bradan,Clyant,bclyant7h@mashable.com,Male,Saint-Flour
271,Petra,Calver,pcalver7i@bandcamp.com,Female,Sattahip
272,Samara,Rodda,srodda7j@google.it,Female,Matadi
273,Skip,Beadman,sbeadman7k@typepad.com,Male,Floreşti
274,Etienne,Boud,eboud7l@mapquest.com,Male,Kangding
275,Griz,Rawlingson,grawlingson7m@sciencedirect.com,Male,Shijiao
276,Rosaleen,Ullyatt,rullyatt7n@pen.io,Female,Letpandan
277,Darci,Worrill,dworrill7o@springer.com,Female,Helsingborg
278,Colly,Kingsbury,ckingsbury7p@github.com,Female,Erdao
279,Wallie,Adrain,wadrain7q@barnesandnoble.com,Male,Zhushan
280,Gene,Scrimshire,gscrimshire7r@globo.com,Male,Panggungasri
281,Pearl,Gaitley,pgaitley7s@netlog.com,Female,Bāzārak
282,Henka,Carneck,hcarneck7t@timesonline.co.uk,Female,Mosina
283,Flore,Palfery,fpalfery7u@studiopress.com,Female,Newton
284,Joeann,Dallyn,jdallyn7v@ow.ly,Female,Prochnookopskaya
285,Damon,Mussilli,dmussilli7w@acquirethisname.com,Male,Florida
286,Amil,Whitesel,awhitesel7x@hud.gov,Female,Xinkai
287,Giulietta,Rubertis,grubertis7y@google.com,Female,Quime
288,Nikolos,Pylkynyton,npylkynyton7z@seattletimes.com,Male,Wudabao
289,Chuck,Pesic,cpesic80@statcounter.com,Male,Ibarreta
290,Gonzales,MacIllrick,gmacillrick81@google.co.uk,Male,Ash Shajarah
291,Rozella,Meechan,rmeechan82@naver.com,Female,New York City
292,Noe,Betterton,nbetterton83@usda.gov,Male,Zhongben
293,Tammi,Edens,tedens84@canalblog.com,Female,Skien
294,Maisie,Redler,mredler85@webmd.com,Female,Carpenter
295,Kippie,Conti,kconti86@phoca.cz,Male,Daraitan
296,Adele,MacAlees,amacalees87@about.com,Female,Rzyki
297,Letty,Clyde,lclyde88@mit.edu,Female,Popovi
298,Chryste,Fish,cfish89@telegraph.co.uk,Female,Wuci
299,Valma,Got,vgot8a@shutterfly.com,Female,Ebene
300,Kim,Doran,kdoran8b@apple.com,Female,Yancheng
301,Alwin,Dinsell,adinsell8c@phpbb.com,Male,Ngama
302,Godart,Baptist,gbaptist8d@vk.com,Male,Marietta
303,Barnebas,Conningham,bconningham8e@xinhuanet.com,Male,Bamenda
304,Jules,Seakes,jseakes8f@japanpost.jp,Male,Bellavista
305,Moshe,Caulder,mcaulder8g@huffingtonpost.com,Male,Pasaco
306,Rakel,Vasyukhichev,rvasyukhichev8h@cbc.ca,Female,Yunxian Chengguanzhen
307,Angelia,Asif,aasif8i@fotki.com,Female,Mabugang
308,Wallas,Searchfield,wsearchfield8j@taobao.com,Male,København
309,Dotti,Sygrove,dsygrove8k@ifeng.com,Female,Tucuran
310,Henri,Swanborough,hswanborough8l@unc.edu,Male,Sedatiagung
311,Lazaro,Pettiward,lpettiward8m@miitbeian.gov.cn,Male,Datong
312,Janos,McCosh,jmccosh8n@bloglines.com,Male,Litian
313,Shalna,Gartery,sgartery8o@irs.gov,Female,Piškorevci
314,Ethelyn,Alabastar,ealabastar8p@miibeian.gov.cn,Female,Shihudang
315,Sallyann,Crumbleholme,scrumbleholme8q@china.com.cn,Female,Příbram
316,Gordan,Surby,gsurby8r@photobucket.com,Male,Sawahbaru
317,Consolata,Shearn,cshearn8s@nih.gov,Female,Abrantes
318,Anni,Peschka,apeschka8t@elegantthemes.com,Female,Shuangtang
319,Sonny,Thrussell,sthrussell8u@diigo.com,Male,Calmar
320,Lorianna,Measham,lmeasham8v@cam.ac.uk,Female,Miami Beach
321,Adara,Coldham,acoldham8w@ucsd.edu,Female,Barão de São Miguel
322,Gerry,Cicutto,gcicutto8x@techcrunch.com,Male,Santa Cruz
323,Corey,Martinovsky,cmartinovsky8y@fda.gov,Female,Biryukove
324,Ursula,Ffoulkes,uffoulkes8z@g.co,Female,Kalinovskaya
325,Nina,Codlin,ncodlin90@list-manage.com,Female,Karangsuko
326,Hester,Denne,hdenne91@typepad.com,Female,Lamalewo
327,Chris,Hallgath,challgath92@epa.gov,Male,Xiaosong
328,Horace,Mantram,hmantram93@php.net,Male,Crateús
329,Gerri,Mattielli,gmattielli94@qq.com,Female,Banana Village
330,Isaiah,Deeth,ideeth95@biglobe.ne.jp,Male,Lomma
331,Bea,Baildon,bbaildon96@naver.com,Female,Kuznechnoye
332,Abraham,Mor,amor97@macromedia.com,Male,Södertälje
333,Ambros,Spottiswoode,aspottiswoode98@skype.com,Male,Dungon
334,Giacopo,Wilkin,gwilkin99@themeforest.net,Male,Olleros
335,Philippine,Yakovitch,pyakovitch9a@nationalgeographic.com,Female,Koslan
336,Mada,Dowdell,mdowdell9b@technorati.com,Female,Tercena
337,Julietta,Battman,jbattman9c@vistaprint.com,Female,San Casimiro
338,Alessandra,Brydon,abrydon9d@bloglovin.com,Female,Podstepki
339,Aubrey,Abeles,aabeles9e@yale.edu,Female,Chengbei
340,Merilee,Guerrieri,mguerrieri9f@ucla.edu,Female,Dokri
341,Basilio,Vakhrushev,bvakhrushev9g@stumbleupon.com,Male,Płoniawy-Bramura
342,Fanchon,Fritche,ffritche9h@yelp.com,Female,Tuqiao
343,Gerard,Longmaid,glongmaid9i@gov.uk,Male,Phôngsali
344,Rosene,Thackwray,rthackwray9j@ow.ly,Female,Babakan
345,Worthy,Joye,wjoye9k@nbcnews.com,Male,Gonça
346,Homerus,Danzey,hdanzey9l@nymag.com,Male,Kampungruweh
347,Seka,Andreini,sandreini9m@hugedomains.com,Female,Zhouhe
348,Michaelina,Stoll,mstoll9n@mlb.com,Female,Vani
349,Sandye,McLemon,smclemon9o@cyberchimps.com,Female,Milagros
350,Consolata,Sirr,csirr9p@cloudflare.com,Female,Doko
351,Vincenz,Kittow,vkittow9q@wired.com,Male,Panggungwinong
352,Marianna,Margetts,mmargetts9r@yahoo.co.jp,Female,Hengtanggang
353,Kristel,Shoesmith,kshoesmith9s@ft.com,Female,Canis
354,Tracy,Magowan,tmagowan9t@jimdo.com,Female,Moravská Třebová
355,Alexandr,Beadles,abeadles9u@plala.or.jp,Male,Caçador
356,Devina,Favell,dfavell9v@dailymail.co.uk,Female,Ögöömör
357,Emmey,Goves,egoves9w@noaa.gov,Female,Van Nuys
358,Klement,Steanson,ksteanson9x@hostgator.com,Male,Troparëvo
359,Lewie,Rosling,lrosling9y@ycombinator.com,Male,Campos Sales
360,Thorvald,Youdell,tyoudell9z@woothemes.com,Male,Ponggeok
361,Luther,Burtwell,lburtwella0@123-reg.co.uk,Male,Jepat Kidul
362,Aurilia,Compston,acompstona1@gnu.org,Female,San Fernando de Atabapo
363,Manfred,Oldroyd,moldroyda2@seattletimes.com,Male,Boca Raton
364,Thatcher,Corbould,tcorboulda3@skype.com,Male,Gamleby
365,Aldon,Porker,aporkera4@geocities.com,Male,Magsalangi
366,Jodie,Quig,jquiga5@163.com,Female,Sobienie Jeziory
367,Chickie,Goulter,cgoultera6@utexas.edu,Male,Parry Sound
368,Blakelee,Warburton,bwarburtona7@forbes.com,Female,Xinminxiang
369,Sapphira,Parlatt,sparlatta8@so-net.ne.jp,Female,Berehomet
370,Almira,Blunsom,ablunsoma9@amazon.com,Female,Pucara
371,Salmon,McClifferty,smccliffertyaa@bandcamp.com,Male,Luka nad Jihlavou
372,Jacob,Ganiclef,jganiclefab@devhub.com,Male,Karangmulya
373,Koral,Rycraft,krycraftac@nbcnews.com,Female,Cajueiro
374,Anett,Jardein,ajardeinad@yale.edu,Female,Xiuying
375,Osgood,Symper,osymperae@github.io,Male,Dajalorong
376,Michale,Lackney,mlackneyaf@wunderground.com,Male,Salavat
377,Bartholomew,Westley,bwestleyag@google.nl,Male,Avanca
378,Adham,Myers,amyersah@zdnet.com,Male,Julcamarca
379,Weider,Olensby,wolensbyai@examiner.com,Male,Saurama
380,Cassy,Savile,csavileaj@aboutads.info,Female,Annacotty
381,Ginny,Edgcombe,gedgcombeak@guardian.co.uk,Female,Połaniec
382,Teddi,Adriaens,tadriaensal@devhub.com,Female,Artsvanist
383,Timmy,Garaghan,tgaraghanam@ca.gov,Male,Przybyszówka
384,Yolanda,Heinsh,yheinshan@cornell.edu,Female,Estombar
385,Symon,Meys,smeysao@mtv.com,Male,Heilongkou
386,Jenda,Blackaby,jblackabyap@techcrunch.com,Female,Yongfeng
387,Murdock,Miall,mmiallaq@domainmarket.com,Male,Bayonne
388,Hattie,Minard,hminardar@soundcloud.com,Female,Piskavica
389,Goober,Jaffrey,gjaffreyas@sakura.ne.jp,Male,Youxi
390,Marylin,Panther,mpantherat@noaa.gov,Female,Taldyqorghan
391,Margy,O'Donovan,modonovanau@topsy.com,Female,Rantaupanjang
392,Hanna,Skeemer,hskeemerav@google.ru,Female,Miguel Calmon
393,Sibilla,Coppin,scoppinaw@shareasale.com,Female,Merton
394,Myrvyn,Gansbuhler,mgansbuhlerax@printfriendly.com,Male,Bihoro
395,Markus,Luker,mlukeray@hubpages.com,Male,Birmingham
396,Sebastien,Lemonnier,slemonnieraz@house.gov,Male,Guadalupe
397,Catlee,O'Dea,codeab0@toplist.cz,Female,Wootton
398,Kelbee,Tolman,ktolmanb1@sourceforge.net,Male,Xiqiao
399,Ollie,Bumfrey,obumfreyb2@ustream.tv,Female,Santa Ana
400,Randall,Beau,rbeaub3@yellowbook.com,Male,Bal Chirāgh
401,Georgianne,Cannaway,gcannawayb4@list-manage.com,Female,Toulon
402,Mel,Swainger,mswaingerb5@java.com,Male,Malonty
403,Mikkel,Devo,mdevob6@youtube.com,Male,Dado
404,Free,Wandrich,fwandrichb7@arizona.edu,Male,Lumbang
405,Kinny,Bulcroft,kbulcroftb8@amazon.co.uk,Male,Bangker
406,Michaella,Stilly,mstillyb9@last.fm,Female,Jinbi
407,Astrid,Rampage,arampageba@yellowpages.com,Female,Achiras
408,Danielle,McClaurie,dmcclauriebb@wired.com,Female,Camaquã
409,Benita,Dinnies,bdinniesbc@thetimes.co.uk,Female,Warburton
410,Dick,Eubank,deubankbd@simplemachines.org,Male,Cabcaben
411,Armando,Glusby,aglusbybe@themeforest.net,Male,Masjed Soleymān
412,Paxon,Wyvill,pwyvillbf@weebly.com,Male,Denver
413,Melba,Fairbourn,mfairbournbg@pbs.org,Female,Daguma
414,Albert,Russell,arussellbh@utexas.edu,Male,Bagnères-de-Bigorre
415,Tammy,Hoodlass,thoodlassbi@theglobeandmail.com,Male,Bergen
416,Burch,Pietranek,bpietranekbj@opensource.org,Male,Jiaojie
417,Waverly,Harmstone,wharmstonebk@twitter.com,Male,Juan N Alvarez
418,Penny,Druery,pdruerybl@reddit.com,Female,Tân Châu
419,Merry,Skingley,mskingleybm@oaic.gov.au,Female,Pucacaca
420,Archibaldo,Babinski,ababinskibn@symantec.com,Male,Suren
421,Issy,Ternault,iternaultbo@apple.com,Female,Avellaneda
422,Elsi,Campes,ecampesbp@nhs.uk,Female,Gaoqiao
423,Gisele,Copello,gcopellobq@wiley.com,Female,Babakandesa
424,Roxana,Tschersich,rtschersichbr@psu.edu,Female,Datong
425,Gearard,Noon,gnoonbs@upenn.edu,Male,Kalodu
426,Brigg,Geck,bgeckbt@skyrock.com,Male,Mohoro
427,Bidget,Chirm,bchirmbu@engadget.com,Female,Basyūn
428,Elladine,Gommey,egommeybv@mapquest.com,Female,Sawaengha
429,Pooh,Pie,ppiebw@so-net.ne.jp,Male,Pompéu
430,Eugenius,Duncanson,eduncansonbx@economist.com,Male,Santa Rosa
431,Stacy,Sabati,ssabatiby@meetup.com,Female,Mahébourg
432,Amalia,Groomebridge,agroomebridgebz@uiuc.edu,Female,Fastovetskaya
433,Darcee,Wigin,dwiginc0@hp.com,Female,Marteleira
434,Sella,Wride,swridec1@hatena.ne.jp,Female,Samir
435,Ainslie,Redier,aredierc2@blog.com,Female,Mindyak
436,Fidela,Acom,facomc3@si.edu,Female,Parque Industrial
437,Calley,Pedrielli,cpedriellic4@nbcnews.com,Female,Sheksna
438,Marji,Placstone,mplacstonec5@i2i.jp,Female,Yuncheng
439,Benoite,Foresight,bforesightc6@sohu.com,Female,Rathdrum
440,Wolfy,Heald,whealdc7@edublogs.org,Male,Bowang
441,Rayshell,Mallinson,rmallinsonc8@zimbio.com,Female,São Martinho de Árvore
442,Ralph,Gitting,rgittingc9@yellowbook.com,Male,Budapest
443,Gran,Pulver,gpulverca@paginegialle.it,Male,Kołaczyce
444,Alexander,Endersby,aendersbycb@epa.gov,Male,Santa Cruz
445,Jenine,Juste,jjustecc@toplist.cz,Female,Ros’
446,Nedi,Esby,nesbycd@scribd.com,Female,Pitogo
447,Dorian,Stockman,dstockmance@sphinn.com,Female,Buenavista
448,Inness,Spearing,ispearingcf@usda.gov,Male,Hebian
449,Emeline,Grendon,egrendoncg@prnewswire.com,Female,Nkoteng
450,Horton,Rapier,hrapierch@hatena.ne.jp,Male,Tucupido
451,Emile,Fulford,efulfordci@ifeng.com,Male,Fuji
452,Margie,Dunton,mduntoncj@wikia.com,Female,Anuradhapura
453,Mason,Benion,mbenionck@blinklist.com,Male,Ourtzagh
454,Lian,Klaiser,lklaisercl@tinypic.com,Female,Itupiranga
455,Chrisse,Marlow,cmarlowcm@forbes.com,Male,Duntou
456,Bernice,Ramshaw,bramshawcn@naver.com,Female,Wufeng
457,Olly,Glossop,oglossopco@weibo.com,Female,Núi Sập
458,Gerald,Rishman,grishmancp@purevolume.com,Male,Des Moines
459,Lon,Loggie,lloggiecq@instagram.com,Male,Reriz
460,Richardo,Telezhkin,rtelezhkincr@archive.org,Male,Nyzhni Petrivtsi
461,Cull,Cockburn,ccockburncs@livejournal.com,Male,Diré
462,Mirna,Cuthbertson,mcuthbertsonct@flavors.me,Female,Elliot
463,Jammie,Tinston,jtinstoncu@themeforest.net,Female,Lubomierz
464,Wallache,de Clerc,wdeclerccv@jugem.jp,Male,Ōzu
465,Rebe,Basant,rbasantcw@ifeng.com,Female,Nailung
466,Jephthah,Pruvost,jpruvostcx@wikipedia.org,Male,San Martín Zapotitlán
467,Godwin,Riccelli,griccellicy@webmd.com,Male,San Pedro
468,Peria,Haseman,phasemancz@archive.org,Female,Yanqi
469,Jerri,Furman,jfurmand0@xrea.com,Male,Heshe
470,Zaria,Meddick,zmeddickd1@gnu.org,Female,Ning’an
471,Hayden,Biddell,hbiddelld2@t-online.de,Male,Ankou
472,Joanna,Bloxland,jbloxlandd3@ebay.com,Female,Mukun
473,Vanny,Maudson,vmaudsond4@cyberchimps.com,Female,Jiakexi
474,Dido,Larkkem,dlarkkemd5@patch.com,Female,Rizal
475,Fair,Chevolleau,fchevolleaud6@sfgate.com,Male,Greensboro
476,Allys,Mennithorp,amennithorpd7@geocities.jp,Female,Karpinsk
477,Aldin,Bool,aboold8@odnoklassniki.ru,Male,Gawanan
478,Mady,Voas,mvoasd9@flickr.com,Female,Chapecó
479,Luca,Tiley,ltileyda@trellian.com,Male,Nu’erbage
480,Joseito,Plover,jploverdb@vimeo.com,Male,Perfilovo
481,Issy,Lardeux,ilardeuxdc@tripod.com,Female,Shchukino
482,Dreddy,Nolda,dnoldadd@unesco.org,Female,Cikandang
483,Jody,Kretchmer,jkretchmerde@seattletimes.com,Female,Scottsdale
484,Mair,Borkett,mborkettdf@netvibes.com,Female,Linjiang
485,Feliza,Park,fparkdg@ucoz.com,Female,Boucherville
486,Brigida,Giral,bgiraldh@tripadvisor.com,Female,Shamkhor
487,Nanette,Housin,nhousindi@slashdot.org,Female,Zafarwāl
488,Giralda,Sheekey,gsheekeydj@lycos.com,Female,Pancoran
489,Raff,Lyddiatt,rlyddiattdk@tuttocitta.it,Male,Cachoeiras de Macacu
490,Gayelord,McTrustie,gmctrustiedl@sun.com,Male,Santa Cruz Cabrália
491,Robinet,Tidgewell,rtidgewelldm@ucla.edu,Male,Simo Satu
492,Marion,Wolverson,mwolversondn@cmu.edu,Male,Xiangqiao
493,Jorgan,Loads,jloadsdo@shinystat.com,Male,Wao
494,Toby,Moral,tmoraldp@ca.gov,Male,Cumanayagua
495,Douglass,Churchill,dchurchilldq@census.gov,Male,Villa General Belgrano
496,Ki,Bradman,kbradmandr@dailymail.co.uk,Female,Guanqiao
497,Dale,Gonnet,dgonnetds@freewebs.com,Female,Taungdwingyi
498,Caritta,Olfert,colfertdt@sbwire.com,Female,Lampitak
499,Briano,Sibbet,bsibbetdu@ebay.co.uk,Male,Xiayang
500,Reggie,Geertje,rgeertjedv@fema.gov,Male,Wuyang
501,Kyla,Bradberry,kbradberrydw@printfriendly.com,Female,Fangjun
502,Leila,Goning,lgoningdx@csmonitor.com,Female,Sredno Konjare
503,Noelle,Ziemens,nziemensdy@businessweek.com,Female,Melun
504,Farica,Jeanequin,fjeanequindz@ebay.co.uk,Female,Jazovo
505,Celle,Arpino,carpinoe0@vistaprint.com,Female,Wanzu
506,Gunter,Cudby,gcudbye1@canalblog.com,Male,Juren
507,Thatch,Kacheler,tkachelere2@wsj.com,Male,Guadalupe
508,Rodolph,Sherrard,rsherrarde3@umich.edu,Male,Wuma
509,Jocelin,Lermouth,jlermouthe4@goo.ne.jp,Female,Clermont-Ferrand
510,Cecilio,Sowten,csowtene5@about.com,Male,Meizhou
511,Carolyn,Cabotto,ccabottoe6@phoca.cz,Female,Foumban
512,Winifield,Szwandt,wszwandte7@discuz.net,Male,Belgorod
513,Carlynne,Butlin,cbutline8@cafepress.com,Female,Novoshakhtinsk
514,Sax,Dairton,sdairtone9@spiegel.de,Male,Täby
515,Edgardo,Nottram,enottramea@wikimedia.org,Male,Tafí del Valle
516,Kip,Willoughby,kwilloughbyeb@a8.net,Male,Toledo
517,Biddy,Beminster,bbeminsterec@upenn.edu,Female,Newport Beach
518,Claresta,Ivanshintsev,civanshintseved@nih.gov,Female,Viengxay
519,De witt,Chichgar,dchichgaree@boston.com,Male,Shagedu
520,Adria,Kesper,akesperef@sogou.com,Female,Xingang
521,Garold,Torbet,gtorbeteg@wsj.com,Male,Sundbyberg
522,Deanne,Deabill,ddeabilleh@yolasite.com,Female,Basen
523,Michel,Raselles,mrasellesei@macromedia.com,Female,La Estrella
524,Barn,Ledgard,bledgardej@123-reg.co.uk,Male,Kostryzhivka
525,Karlotte,Gaddesby,kgaddesbyek@utexas.edu,Female,Vostok
526,Darryl,Muneely,dmuneelyel@51.la,Male,Osa
527,Inger,Tieman,itiemanem@dyndns.org,Female,San Pablo
528,Amery,Souter,asouteren@nytimes.com,Male,Cotton Ground
529,Lori,Wintour,lwintoureo@ucoz.com,Female,Skhodnya
530,Gui,Mirralls,gmirrallsep@twitter.com,Female,Douniani
531,Peter,Beardsworth,pbeardswortheq@smh.com.au,Male,Ostrów Wielkopolski
532,Cindelyn,Laundon,claundoner@simplemachines.org,Female,Huangtan
533,Celestina,Winley,cwinleyes@edublogs.org,Female,Ribeira Seca
534,Bertina,Bucknall,bbucknallet@imdb.com,Female,Lopez Jaena
535,Rafaelia,Muttock,rmuttockeu@columbia.edu,Female,Rogóźno
536,Jonas,MacCumiskey,jmaccumiskeyev@rakuten.co.jp,Male,Bene 'Ayish
537,Constancy,Wallage,cwallageew@jugem.jp,Female,Cabinteely
538,Hugues,Harsent,hharsentex@apache.org,Male,Saiki
539,Bidget,Goneau,bgoneauey@google.fr,Female,Fuyong
540,Samara,Mockes,smockesez@vk.com,Female,Kuafeu
541,Pietro,Finnan,pfinnanf0@prlog.org,Male,Tanamiting
542,Cullen,Selway,cselwayf1@exblog.jp,Male,Jargalant
543,Killy,Loveman,klovemanf2@blogs.com,Male,Krychaw
544,Shaine,Splain,ssplainf3@zdnet.com,Male,Queenstown
545,Tan,Backs,tbacksf4@shutterfly.com,Male,Puamata
546,Murray,Snowsill,msnowsillf5@friendfeed.com,Male,Magapit
547,Katrina,Otson,kotsonf6@imdb.com,Female,Zhenping Chengguanzhen
548,Jade,Jeandet,jjeandetf7@intel.com,Female,Longcheng
549,Rozella,Carcass,rcarcassf8@java.com,Female,Prestea
550,Grace,Iddons,giddonsf9@domainmarket.com,Male,Jiguaní
551,Agnola,Osmint,aosmintfa@ihg.com,Female,Qizhen
552,Fields,Gummer,fgummerfb@epa.gov,Male,Trenggulunan
553,Latrena,Gonzalez,lgonzalezfc@cam.ac.uk,Female,Port-au-Prince
554,Odessa,Aguilar,oaguilarfd@squarespace.com,Female,Toupi
555,Sammy,Basham,sbashamfe@wufoo.com,Male,Esigodini
556,Eileen,Kief,ekiefff@trellian.com,Female,Poniatowa
557,Muffin,Oene,moenefg@admin.ch,Male,Cork
558,Josiah,Olpin,jolpinfh@dot.gov,Male,Gremyachinsk
559,Thaxter,Guildford,tguildfordfi@comsenz.com,Male,Kabukarudi
560,Fleming,Hopfner,fhopfnerfj@dyndns.org,Male,Uurainen
561,Regen,Durtnel,rdurtnelfk@elegantthemes.com,Male,Xiangfu
562,Shaw,Beenham,sbeenhamfl@businessinsider.com,Male,Hushi
563,Onofredo,De Miranda,odemirandafm@hhs.gov,Male,Lazaro Cardenas
564,Ceciley,Moulton,cmoultonfn@netlog.com,Female,Farīmān
565,Franky,Robb,frobbfo@ebay.com,Male,Laiponda
566,Geoffry,Di Giorgio,gdigiorgiofp@networkadvertising.org,Male,Mogi das Cruzes
567,Florie,Fincher,ffincherfq@hc360.com,Female,Greenwood
568,Domingo,Mullarkey,dmullarkeyfr@dagondesign.com,Male,Pueblo Nuevo
569,Alejandro,Carah,acarahfs@infoseek.co.jp,Male,Mont-Joli
570,Candide,Wilmington,cwilmingtonft@moonfruit.com,Female,Rawa
571,Marjy,Austin,maustinfu@wikispaces.com,Female,Cete
572,Emogene,Fenich,efenichfv@prweb.com,Female,Varpaisjärvi
573,Cecile,Sindall,csindallfw@ezinearticles.com,Female,Maogang
574,Bax,Poli,bpolifx@wikipedia.org,Male,Tianyu
575,Urbanus,Becke,ubeckefy@gnu.org,Male,Xujiahe
576,Marnie,Edrich,medrichfz@squidoo.com,Female,Zhoujiadian
577,Washington,Plume,wplumeg0@usgs.gov,Male,Pentaplátano
578,Aubrey,Warde,awardeg1@furl.net,Male,Capâo Bonito
579,Hoebart,O'Scanlon,hoscanlong2@hud.gov,Male,Avarua
580,Heidi,Antognoni,hantognonig3@deliciousdays.com,Female,Lons-le-Saunier
581,Frasier,Raft,fraftg4@goodreads.com,Male,Stockholm
582,Virgie,Bannell,vbannellg5@accuweather.com,Female,Zelenogorsk
583,Angie,Cowland,acowlandg6@seesaa.net,Male,Amherstburg
584,Agosto,Demschke,ademschkeg7@cloudflare.com,Male,Nanjie
585,Guthrey,Perchard,gperchardg8@google.com.br,Male,Bendorubuh
586,Eward,Goatman,egoatmang9@behance.net,Male,Wilga
587,Ailina,Liepina,aliepinaga@ow.ly,Female,Guojiaba
588,Irwin,McQuaker,imcquakergb@samsung.com,Male,Gesikan
589,Lezley,Barz,lbarzgc@google.co.uk,Male,Suhe
590,Gustav,Kiljan,gkiljangd@about.me,Male,Dos Quebradas
591,Aurea,Kettleson,akettlesonge@go.com,Female,Nevers
592,Beckie,Pennaman,bpennamangf@mediafire.com,Female,Amaury
593,Camila,Stopher,cstophergg@discovery.com,Female,Bentengjawa
594,Wolfgang,Ladlow,wladlowgh@altervista.org,Male,Yanzhou
595,Patty,Simondson,psimondsongi@addtoany.com,Male,Elefsína
596,Roseanne,Sandercock,rsandercockgj@shutterfly.com,Female,Angoulême
597,Gal,Woodman,gwoodmangk@nymag.com,Male,Goiânia
598,Aggi,Ankers,aankersgl@tumblr.com,Female,Daloa
599,Vitia,Gerwood,vgerwoodgm@artisteer.com,Female,Jabungsisir
600,Gardner,Scad,gscadgn@sina.com.cn,Male,Briceni
601,Gwyneth,Sole,gsolego@disqus.com,Female,Hexi
602,Frazer,Sweeny,fsweenygp@quantcast.com,Male,Chegutu
603,Sylas,Riccione,sriccionegq@facebook.com,Male,Pasuruan
604,Berkie,Rolingson,brolingsongr@imdb.com,Male,Zhangyang
605,Nappie,Murrhaupt,nmurrhauptgs@freewebs.com,Male,Guará
606,Lissa,Witcherley,lwitcherleygt@privacy.gov.au,Female,Huangjinbu
607,Philip,Thurbon,pthurbongu@e-recht24.de,Male,Mamfe
608,Verne,Forsdyke,vforsdykegv@mail.ru,Male,Kutno
609,Keir,Hackleton,khackletongw@princeton.edu,Male,Novalja
610,Britteny,Guerry,bguerrygx@washingtonpost.com,Female,Vilppula
611,Ezra,Oldridge,eoldridgegy@sitemeter.com,Male,Miaoquan
612,Fran,Stonebridge,fstonebridgegz@java.com,Female,Sinabang
613,Xenos,Tellesson,xtellessonh0@themeforest.net,Male,Binjiang
614,Nata,Morgan,nmorganh1@posterous.com,Female,Gourma Rharous
615,Anthe,Waldera,awalderah2@mysql.com,Female,Čačinci
616,Augie,Bullcock,abullcockh3@hubpages.com,Male,Batas Barat
617,Jephthah,Whorall,jwhorallh4@wufoo.com,Male,Dongmazar
618,Evelina,McEllen,emcellenh5@symantec.com,Female,Le Mans
619,Charleen,Maxwale,cmaxwaleh6@cbsnews.com,Female,Jejkowice
620,Dorothy,Campione,dcampioneh7@linkedin.com,Female,Kribi
621,Maddy,Redington,mredingtonh8@smugmug.com,Male,Tha Maka
622,Merissa,Browell,mbrowellh9@uiuc.edu,Female,Ipiales
623,Walt,Durnford,wdurnfordha@blog.com,Male,Wang Nam Yen
624,Madonna,Betteney,mbetteneyhb@tinypic.com,Female,Ronov nad Doubravou
625,Vivyan,Oliff,voliffhc@slate.com,Female,Phatthalung
626,Barrett,Cuttings,bcuttingshd@mozilla.org,Male,Kafarati
627,Fayette,Kersley,fkersleyhe@aboutads.info,Female,Tsagaannuur
628,Valentijn,McMonies,vmcmonieshf@yellowbook.com,Male,Qiangqinxue
629,Ellery,Walkington,ewalkingtonhg@earthlink.net,Male,Santa Rosa
630,Helenelizabeth,Belcham,hbelchamhh@abc.net.au,Female,Garies
631,Rosemary,Prandin,rprandinhi@squidoo.com,Female,Józefów
632,Giacopo,Skyrme,gskyrmehj@indiatimes.com,Male,Goiatuba
633,Jewelle,Branch,jbranchhk@shutterfly.com,Female,Xucheng
634,Dennis,McCoughan,dmccoughanhl@google.ca,Male,Thạnh Mỹ
635,Shea,Damrel,sdamrelhm@china.com.cn,Male,Cilolohan
636,Adolpho,Meier,ameierhn@nbcnews.com,Male,Mariinsk
637,Marika,McCleod,mmccleodho@google.com,Female,Villa Nueva
638,Daffie,Broxholme,dbroxholmehp@skype.com,Female,Badulla
639,Wanda,Palumbo,wpalumbohq@bandcamp.com,Female,Fort Pierce
640,Dame,Kenefick,dkenefickhr@sphinn.com,Male,Bílovec
641,Erika,Francillo,efrancillohs@japanpost.jp,Female,Fougamou
642,Joel,Hanbidge,jhanbidgeht@instagram.com,Male,Raniżów
643,Cecelia,Gamett,cgametthu@blogspot.com,Female,Sukahening
644,Hope,Di Lucia,hdiluciahv@ucla.edu,Female,Guangyuan
645,Nelia,Joysey,njoyseyhw@go.com,Female,Shimoda
646,Rip,Bolan,rbolanhx@marketwatch.com,Male,Makamba
647,Gretchen,Berni,gbernihy@amazon.de,Female,Mazhu
648,Aridatha,Kardos-Stowe,akardosstowehz@sogou.com,Female,Jinanten
649,Archibold,Whitchurch,awhitchurchi0@examiner.com,Male,Kuala Lumpur
650,Romeo,Ryves,rryvesi1@rakuten.co.jp,Male,Kresna
651,Sidney,Thorsen,sthorseni2@bing.com,Male,Kiritsy
652,Danna,Loverock,dloverocki3@ucsd.edu,Female,Horvati
653,Cal,Hutley,chutleyi4@usa.gov,Male,Przodkowo
654,Heda,Geeves,hgeevesi5@fema.gov,Female,Peras Ruivas
655,Parsifal,Thomsson,pthomssoni6@people.com.cn,Male,Stung Treng
656,Harv,Tonsley,htonsleyi7@ow.ly,Male,Sitovo
657,Edik,Hurtado,ehurtadoi8@1688.com,Male,Sukoanyar
658,Dannie,Ferenczi,dferenczii9@marketwatch.com,Male,Catabola
659,Larina,McRuvie,lmcruvieia@yale.edu,Female,Langxi
660,Rutger,Jeavons,rjeavonsib@netvibes.com,Male,Varybóbi
661,Dulci,Domenici,ddomeniciic@ucla.edu,Female,Yur’yev-Pol’skiy
662,Francklyn,Linfoot,flinfootid@jalbum.net,Male,Ialibu
663,Gael,Whitmarsh,gwhitmarshie@w3.org,Female,Tarica
664,Benyamin,Shackel,bshackelif@ucoz.ru,Male,Lokea
665,Berkie,Hennemann,bhennemannig@posterous.com,Male,Drachten
666,Ange,Thorneley,athorneleyih@psu.edu,Male,Lewin Kłodzki
667,Faunie,Mellem,fmellemii@reddit.com,Female,Gayabaru
668,Brooks,Felkin,bfelkinij@nationalgeographic.com,Male,São Martinho de Árvore
669,Belinda,Dows,bdowsik@51.la,Female,Pālang
670,Tracey,Woolacott,twoolacottil@unesco.org,Female,Bau
671,Alonzo,Piffe,apiffeim@nhs.uk,Male,Ocoyo
672,Otis,Lowater,olowaterin@livejournal.com,Male,Luqiao
673,Saundra,Welch,swelchio@is.gd,Male,Putatbasiun
674,Winonah,Messer,wmesserip@stanford.edu,Female,Munkfors
675,Amble,Walcar,awalcariq@usatoday.com,Male,Curuggoong
676,Monroe,Fipp,mfippir@domainmarket.com,Male,Hezuo
677,Daisy,Cranmor,dcranmoris@japanpost.jp,Female,Tagasilay
678,Engracia,Benitez,ebenitezit@chronoengine.com,Female,Chirkey
679,Ebba,Eckh,eeckhiu@eepurl.com,Female,Wang Muang
680,Ardella,Troyes,atroyesiv@msn.com,Female,Staroyur’yevo
681,Ruttger,Elliker,rellikeriw@chicagotribune.com,Male,Lutomiersk
682,Gradey,Borham,gborhamix@typepad.com,Male,Wunat
683,Etan,Bordis,ebordisiy@washingtonpost.com,Male,Jonava
684,Kayle,Ellwell,kellwelliz@about.me,Female,Ilandža
685,Terra,Haddy,thaddyj0@sciencedaily.com,Female,Oklahoma City
686,Kaitlin,Highton,khightonj1@sogou.com,Female,Sinarbakti
687,Dwayne,Mountlow,dmountlowj2@fastcompany.com,Male,Oceanside
688,Rosana,Alexander,ralexanderj3@hatena.ne.jp,Female,Kalpáki
689,Didi,Hartus,dhartusj4@ning.com,Female,Acao
690,Nettie,Luetchford,nluetchfordj5@aol.com,Female,Jiangkou
691,Corene,Alexsandrov,calexsandrovj6@canalblog.com,Female,Vynohradiv
692,Eddie,Bromage,ebromagej7@goo.gl,Female,Lyubar
693,Jenny,Cowden,jcowdenj8@reverbnation.com,Female,Jinxiang
694,Selma,Twomey,stwomeyj9@irs.gov,Female,Tawau
695,Dulce,Bruffell,dbruffellja@fotki.com,Female,San Vicente
696,Drake,Barneville,dbarnevillejb@google.com.au,Male,Maayong Tubig
697,Orazio,Raggitt,oraggittjc@go.com,Male,Chãos
698,Kirbee,Dedman,kdedmanjd@cafepress.com,Female,Cúa
699,Gilbert,Volk,gvolkje@wordpress.com,Male,Tāybād
700,Feliks,Kynton,fkyntonjf@bluehost.com,Male,Eha Amufu
701,Aurea,Jirieck,ajirieckjg@meetup.com,Female,Pernå
702,Gerda,Briscoe,gbriscoejh@sun.com,Female,Khoroshëvo-Mnevniki
703,Raffaello,Lucien,rlucienji@dmoz.org,Male,Mardā
704,Earvin,Coldman,ecoldmanjj@answers.com,Male,Balakasap
705,Stoddard,Neely,sneelyjk@techcrunch.com,Female,Ikata-chō
706,Vladamir,Cotty,vcottyjl@freewebs.com,Male,Chengdong
707,Deeann,Mansel,dmanseljm@dailymotion.com,Female,Baisha
708,Odo,Groger,ogrogerjn@columbia.edu,Male,Lere
709,Samara,Pickvance,spickvancejo@sphinn.com,Female,Sanxi
710,Angel,Aleswell,aaleswelljp@aol.com,Male,Kyela
711,Alvira,Wooff,awooffjq@hp.com,Female,Watsa
712,Scott,Sarton,ssartonjr@tumblr.com,Male,Fuzhai
713,Madelene,Cantrell,mcantrelljs@theglobeandmail.com,Female,Girsereng
714,Meredithe,Vermer,mvermerjt@51.la,Female,Dongjiahe
715,Fielding,Bleiman,fbleimanju@earthlink.net,Male,Hudlice
716,Godfry,Corradi,gcorradijv@bigcartel.com,Male,Darvi
717,Andy,Peschet,apeschetjw@jiathis.com,Male,Razan
718,Kristy,Stichall,kstichalljx@nifty.com,Female,Bāsht
719,Jodee,Salmons,jsalmonsjy@moonfruit.com,Female,Weifen
720,Marinna,Gaenor,mgaenorjz@cam.ac.uk,Female,Héroumbili
721,Delmer,Bhatia,dbhatiak0@scribd.com,Male,Shiban
722,Gardiner,Belitz,gbelitzk1@house.gov,Male,Bokoro
723,Olwen,Berth,oberthk2@indiatimes.com,Female,Piltown
724,Benedick,Tye,btyek3@icq.com,Male,Xinzhou
725,Gerianne,Crux,gcruxk4@naver.com,Female,Bolekhiv
726,Jermaine,Lathom,jlathomk5@1und1.de,Female,Pingshi
727,Sher,Crecy,screcyk6@howstuffworks.com,Female,Bayt Maqdūm
728,Phineas,Brend,pbrendk7@dailymail.co.uk,Male,København
729,Tersina,Manns,tmannsk8@webmd.com,Female,São Cristóvão
730,Gonzalo,Northage,gnorthagek9@mediafire.com,Male,Saskylakh
731,Revkah,Matignon,rmatignonka@bravesites.com,Female,Čajniče
732,Fabio,Corney,fcorneykb@a8.net,Male,Tugu
733,Merry,Cawood,mcawoodkc@deviantart.com,Male,Mujiangping
734,Alexina,MacIlurick,amacilurickkd@aol.com,Female,Balzar
735,Gabie,Burkert,gburkertke@google.com,Female,Kalilu
736,Leilah,Meadus,lmeaduskf@usa.gov,Female,Garnich
737,Alexa,Barham,abarhamkg@arstechnica.com,Female,Khāliş
738,Zora,Bonehill,zbonehillkh@exblog.jp,Female,Tacarigua
739,Hobart,McGrey,hmcgreyki@dailymail.co.uk,Male,Malilipot
740,Abbie,Pickvance,apickvancekj@walmart.com,Male,Enskede
741,Gasparo,Ings,gingskk@pagesperso-orange.fr,Male,Ban Talat Nua
742,Glyn,Crimmins,gcrimminskl@hubpages.com,Male,Huzhen
743,Valentine,Quidenham,vquidenhamkm@uol.com.br,Male,Hatogaya-honchō
744,Ettie,Tetther,etettherkn@geocities.jp,Female,Wangong
745,Minna,Cottle,mcottleko@flickr.com,Female,Sacramento
746,Nikkie,Semrad,nsemradkp@smugmug.com,Female,Béziers
747,Kermit,Jentet,kjentetkq@gmpg.org,Male,Fruitvale
748,Bathsheba,Tritten,btrittenkr@shinystat.com,Female,Itapemirim
749,Lemmie,Kelleway,lkellewayks@sciencedaily.com,Male,Fray Luis A. Beltrán
750,Glory,Dennison,gdennisonkt@hugedomains.com,Female,Tipaz
751,Jami,Liddle,jliddleku@t-online.de,Female,Dikirnis
752,Christian,Headey,cheadeykv@themeforest.net,Female,Wobulenzi
753,Mata,Baldelli,mbaldellikw@so-net.ne.jp,Male,Naukot
754,Kalindi,Oxbrough,koxbroughkx@arizona.edu,Female,Beijiang
755,Malcolm,Carreyette,mcarreyetteky@symantec.com,Male,Basiong
756,Emmy,Letts,elettskz@opera.com,Female,Baniachang
757,Leigh,Benettini,lbenettinil0@reverbnation.com,Male,Alameda
758,Bartholomeo,Braywood,bbraywoodl1@google.ca,Male,Mēga
759,Rhianon,Coveley,rcoveleyl2@businessweek.com,Female,Huangcun
760,Creighton,Reignould,creignouldl3@irs.gov,Male,Medvedovskaya
761,Galen,Flecknell,gflecknelll4@squidoo.com,Male,Yangjingziwan
762,Ferd,Biffen,fbiffenl5@addtoany.com,Male,Siikajoki
763,Dottie,Vany,dvanyl6@nymag.com,Female,Benešov
764,Christabella,Robley,crobleyl7@hostgator.com,Female,Falun
765,Pavlov,Waldera,pwalderal8@angelfire.com,Male,Bedford
766,Morgun,Garbutt,mgarbuttl9@vistaprint.com,Male,Sokol
767,Clerc,Bennington,cbenningtonla@pcworld.com,Male,Samayac
768,Kristien,Etridge,ketridgelb@cnbc.com,Female,Khoyniki
769,Christiana,Sarton,csartonlc@tamu.edu,Female,Genzi
770,Sarge,Paulisch,spaulischld@twitter.com,Male,Bantengan
771,Corbin,Moles,cmolesle@apache.org,Male,Samburat
772,Niki,Harcourt,nharcourtlf@geocities.com,Male,Bordeaux
773,Thorin,Battin,tbattinlg@china.com.cn,Male,Kerep Wetan
774,Hinze,Rowsel,hrowsellh@alexa.com,Male,Moravská Třebová
775,Trenton,Sinfield,tsinfieldli@infoseek.co.jp,Male,Arosbaya
776,Alyss,Mitie,amitielj@mashable.com,Female,Smimou
777,Charlotta,Loyndon,cloyndonlk@mit.edu,Female,Andramasina
778,Jerri,Skermer,jskermerll@dot.gov,Male,Ribeira
779,Diego,Hariot,dhariotlm@tumblr.com,Male,Adolfo Lopez Mateos
780,Archaimbaud,Henaughan,ahenaughanln@chicagotribune.com,Male,Emiliano Zapata
781,Bryon,Shardlow,bshardlowlo@state.gov,Male,Xinjie
782,Corinna,Ruggles,cruggleslp@bravesites.com,Female,Semambung
783,Malia,Dalling,mdallinglq@digg.com,Female,Gempol
784,Stevie,Tidman,stidmanlr@mac.com,Male,Azovo
785,Aloysia,Rookes,arookesls@merriam-webster.com,Female,Leluo
786,Winne,Legge,wleggelt@topsy.com,Female,Vodyane
787,Gran,Westnage,gwestnagelu@flavors.me,Male,Nāṟay
788,Lazare,VanBrugh,lvanbrughlv@cafepress.com,Male,Kuala Lumpur
789,Ezmeralda,McAuliffe,emcauliffelw@ox.ac.uk,Female,Gachalá
790,Margit,Wheldon,mwheldonlx@cloudflare.com,Female,Tahe
791,Danie,McBrearty,dmcbreartyly@wordpress.org,Male,Tutayev
792,Aura,Beaten,abeatenlz@nymag.com,Female,Phu Khiao
793,Lucine,Artindale,lartindalem0@clickbank.net,Female,Castainço
794,Andris,Quenell,aquenellm1@51.la,Male,Vysoké nad Jizerou
795,Rockwell,Offiler,roffilerm2@youku.com,Male,Midland
796,Claudian,Kumar,ckumarm3@drupal.org,Male,Ban Talat Bueng
797,Thea,Berkery,tberkerym4@icq.com,Female,Corredoura
798,Emmeline,Longstaff,elongstaffm5@apache.org,Female,Luoping
799,Bruno,Abbado,babbadom6@tinyurl.com,Male,Tangpu
800,Hymie,Gatley,hgatleym7@indiatimes.com,Male,Chagoda
801,Morlee,Presnall,mpresnallm8@java.com,Male,Mělník
802,Marlee,Pawlicki,mpawlickim9@parallels.com,Female,Tanjungluar
803,Kaine,See,kseema@paypal.com,Male,Dongbang
804,Rachelle,Calloway,rcallowaymb@twitter.com,Female,Cigebrok
805,Benita,Durdan,bdurdanmc@irs.gov,Female,Kiel
806,Ripley,Matyushonok,rmatyushonokmd@nature.com,Male,Balidian
807,Eulalie,de Grey,edegreyme@geocities.com,Female,Karangmelok
808,Ailene,Thrower,athrowermf@sourceforge.net,Female,Huanghuatan
809,Vance,Heard,vheardmg@taobao.com,Male,Church End
810,Renae,Boulsher,rboulshermh@mozilla.com,Female,Kassiri
811,Shep,Glackin,sglackinmi@yahoo.com,Male,Adare
812,Caroline,Sleeny,csleenymj@live.com,Female,Yangjian
813,Kelley,Domotor,kdomotormk@google.ca,Female,Shīnḏanḏ
814,Jacky,Stolle,jstolleml@constantcontact.com,Male,Aizkraukle
815,Tresa,Codling,tcodlingmm@xinhuanet.com,Female,Sandy Bay
816,Padriac,Pylkynyton,ppylkynytonmn@oracle.com,Male,Steinkjer
817,Homere,McLevie,hmcleviemo@unc.edu,Male,Ryczywół
818,Chandler,Baggelley,cbaggelleymp@who.int,Male,Domoni
819,Olly,Aleshkov,oaleshkovmq@gmpg.org,Female,Belén de Escobar
820,Ryley,Harkins,rharkinsmr@noaa.gov,Male,Siquanpu
821,Sollie,Lopes,slopesms@usatoday.com,Male,Huangban
822,Lem,Tadgell,ltadgellmt@disqus.com,Male,Santo Antônio de Posse
823,Balduin,Shimoni,bshimonimu@sciencedaily.com,Male,Aubervilliers
824,Marni,Trevan,mtrevanmv@independent.co.uk,Female,El Puerto
825,Loralyn,Opdenorth,lopdenorthmw@ehow.com,Female,Datong
826,Caspar,Defty,cdeftymx@bizjournals.com,Male,Charleroi
827,Corly,Piscopello,cpiscopellomy@senate.gov,Female,Amuru
828,Briny,Brolechan,bbrolechanmz@patch.com,Female,Druzhny
829,Marylin,Dyer,mdyern0@seesaa.net,Female,Unidos
830,Janaye,Pebworth,jpebworthn1@sina.com.cn,Female,Ostrzeszów
831,George,Mackrill,gmackrilln2@simplemachines.org,Male,Santander
832,Waneta,Merwede,wmerweden3@topsy.com,Female,Svislach
833,Addie,Swansborough,aswansboroughn4@sfgate.com,Male,Krasnokamensk
834,Kelley,Gravell,kgravelln5@wordpress.org,Male,Xuetian
835,Hedi,Search,hsearchn6@xrea.com,Female,Tsotsin-Yurt
836,Onofredo,Handrick,ohandrickn7@parallels.com,Male,Tiên Phước
837,Cece,Merriton,cmerritonn8@skype.com,Male,Steblevë
838,Maxim,Revie,mrevien9@google.nl,Male,Goim
839,Napoleon,Mousby,nmousbyna@slashdot.org,Male,Pakel
840,Joela,Fabb,jfabbnb@cargocollective.com,Female,Haiyu
841,Marten,Coffin,mcoffinnc@163.com,Male,Herrera
842,Pollyanna,Jonczyk,pjonczyknd@vk.com,Female,Dera Bugti
843,Dinny,Late,dlatene@lulu.com,Female,Yanjiang
844,Amanda,Kinney,akinneynf@time.com,Female,Kingston
845,Marquita,Coverdill,mcoverdillng@whitehouse.gov,Female,Murmino
846,Seline,Matches,smatchesnh@google.ru,Female,Suç
847,Bronny,Corkan,bcorkanni@sohu.com,Male,Qiagai
848,Dario,Sperwell,dsperwellnj@ifeng.com,Male,Leskovac
849,Daisy,Boxen,dboxennk@edublogs.org,Female,Cikaras
850,Giraud,Chantree,gchantreenl@arstechnica.com,Male,Zaozerne
851,Katharine,Lindhe,klindhenm@wsj.com,Female,Áthyra
852,Gwyn,Cullum,gcullumnn@usgs.gov,Female,Gongdanglegi Kulon
853,Bobbi,Fildery,bfilderyno@nih.gov,Female,La Victoria
854,Major,Scoullar,mscoullarnp@independent.co.uk,Male,Qiandeng
855,Gustavo,Colling,gcollingnq@uol.com.br,Male,Nelspruit
856,Cornelius,Dummer,cdummernr@sohu.com,Male,Bīleh Savār
857,Rici,Braznell,rbraznellns@china.com.cn,Female,Santa Eulália
858,Dona,Woolland,dwoollandnt@who.int,Female,Smederevo
859,Jack,Pattemore,jpattemorenu@auda.org.au,Male,Stockton
860,Sophronia,Cordy,scordynv@wikimedia.org,Female,Peras Ruivas
861,Peggy,Bratten,pbrattennw@google.com,Female,Hacienda La Calera
862,Ardisj,Reast,areastnx@youtube.com,Female,Date
863,Ado,Robshaw,arobshawny@dropbox.com,Male,Stizhkivs’ke
864,Dierdre,Neal,dnealnz@posterous.com,Female,Pantano do Sul
865,Eulalie,Springate,espringateo0@nhs.uk,Female,Bhisho
866,Roseann,Quade,rquadeo1@livejournal.com,Female,Paamiut
867,Lauretta,Day,ldayo2@washington.edu,Female,Atambua
868,Whitney,Tree,wtreeo3@bbb.org,Female,Trubchevsk
869,Zenia,Wiggall,zwiggallo4@digg.com,Female,Liverpool
870,Karie,Lockhart,klockharto5@redcross.org,Female,Daduo
871,Caitlin,Ryding,crydingo6@nationalgeographic.com,Female,Keroka
872,Blythe,Joselin,bjoselino7@bizjournals.com,Female,Mahdia
873,Emyle,Hodge,ehodgeo8@alibaba.com,Female,Daixi
874,Timmy,Seakings,tseakingso9@adobe.com,Female,Brejo Santo
875,Jonathon,Biaggioni,jbiaggionioa@marriott.com,Male,Zhanping
876,Francois,Rossoni,frossoniob@amazon.co.jp,Male,Carvalhal
877,Norris,Tomasi,ntomasioc@rediff.com,Male,Sergio Osmeña Sr
878,Dorry,Jouaneton,djouanetonod@hc360.com,Female,Saint-Denis
879,Deeyn,Klosges,dklosgesoe@newsvine.com,Female,Turośń Kościelna
880,Carmencita,Dougary,cdougaryof@github.io,Female,Longos
881,Bran,Done,bdoneog@hhs.gov,Male,Klembivka
882,Flin,Baskerville,fbaskervilleoh@cornell.edu,Male,Vodňany
883,Tabbi,Trevethan,ttrevethanoi@nydailynews.com,Female,Mendes
884,Dorothea,Brosi,dbrosioj@amazon.co.uk,Female,Schiedam postbusnummers
885,Nerti,Pettyfar,npettyfarok@instagram.com,Female,Jaworze
886,Clemmie,Eldridge,celdridgeol@bbb.org,Female,Utama Wetan
887,Hillie,Doblin,hdoblinom@lulu.com,Male,Pytalovo
888,Cissy,Whittock,cwhittockon@photobucket.com,Female,Yanjiang
889,Kaspar,Balsdon,kbalsdonoo@comcast.net,Male,Chodová Planá
890,Twyla,Sangwine,tsangwineop@eepurl.com,Female,Yauca
891,Alfons,Cusworth,acusworthoq@patch.com,Male,Žiželice
892,Crista,Harfleet,charfleetor@wordpress.org,Female,Shawnee Mission
893,Midge,Lukasik,mlukasikos@lycos.com,Female,De la Paz
894,Xerxes,Wattingham,xwattinghamot@dropbox.com,Male,Lelkowo
895,Caldwell,Haburne,chaburneou@baidu.com,Male,Tomarovka
896,Hanson,Rosita,hrositaov@google.co.uk,Male,Bailuquan
897,Tommy,Swyndley,tswyndleyow@moonfruit.com,Female,Beiqiao
898,Sheridan,Casari,scasariox@dedecms.com,Male,Ruy Barbosa
899,Zaneta,Briant,zbriantoy@cocolog-nifty.com,Female,Lajeado
900,Jammal,McKellar,jmckellaroz@last.fm,Male,Huangze
901,Delia,Kirkman,dkirkmanp0@arizona.edu,Female,Gabaldon
902,Idalia,Esterbrook,iesterbrookp1@exblog.jp,Female,Gibara
903,Corby,Cobley,ccobleyp2@salon.com,Male,Zengji
904,Ralina,Orman,rormanp3@networksolutions.com,Female,San Antonio
905,Alana,Rigts,arigtsp4@sogou.com,Female,Sapporo
906,Sibylla,Heak,sheakp5@auda.org.au,Female,High Point
907,Kali,Lunny,klunnyp6@dropbox.com,Female,Chernigovka
908,Francisco,Bakeup,fbakeupp7@dailymail.co.uk,Male,Pavlogradka
909,Alec,Warby,awarbyp8@desdev.cn,Male,Zhongzi
910,Gaylor,Thomasson,gthomassonp9@house.gov,Male,Dos Hermanas
911,Skipton,Lapree,slapreepa@yale.edu,Male,Guanshui
912,Claiborne,Prandini,cprandinipb@bravesites.com,Male,Araxá
913,Hector,Ollerearnshaw,hollerearnshawpc@nbcnews.com,Male,Bondokodi
914,Juline,Sidworth,jsidworthpd@oaic.gov.au,Female,Cibenda
915,Annabela,Robrow,arobrowpe@addtoany.com,Female,Enskede
916,Brody,Loalday,bloaldaypf@spotify.com,Male,Huancaray
917,Gabriel,Van Der Straaten,gvanderstraatenpg@barnesandnoble.com,Male,Pitangui
918,Sherwynd,Dennett,sdennettph@who.int,Male,Washington
919,Olly,Worner,owornerpi@biglobe.ne.jp,Female,São Filipe
920,Borden,Noli,bnolipj@linkedin.com,Male,Montelíbano
921,Halley,Dewen,hdewenpk@clickbank.net,Female,Duitama
922,Myriam,Tennewell,mtennewellpl@a8.net,Female,Pulau Pinang
923,Collin,Moncarr,cmoncarrpm@google.it,Male,Pingxiang
924,Johanna,Harriott,jharriottpn@wordpress.com,Female,Marks
925,Rose,Govier,rgovierpo@indiatimes.com,Female,Zhenzhushan
926,Marten,Ledrun,mledrunpp@histats.com,Male,Lingdangge
927,Verney,Trehearne,vtrehearnepq@arizona.edu,Male,Stockholm
928,Parry,Wivell,pwivellpr@theatlantic.com,Male,Valenciennes
929,Beverley,Lewinton,blewintonps@home.pl,Female,Calaya
930,Hal,Deneve,hdenevept@hao123.com,Male,Nol
931,Aldis,Parlour,aparlourpu@lulu.com,Male,Władysławowo
932,Dori,Gegg,dgeggpv@reuters.com,Female,Dadong
933,Anthony,Esler,aeslerpw@adobe.com,Male,Shizuishan
934,Ulrick,Hammerich,uhammerichpx@blogs.com,Male,Tsagaandörvölj
935,Desirae,Sibbe,dsibbepy@canalblog.com,Female,Xiayang
936,Clyde,Meegin,cmeeginpz@amazonaws.com,Male,Chefchaouene
937,Gayle,Kilfeather,gkilfeatherq0@dedecms.com,Female,Fonte da Vaca
938,Reggi,McGaugie,rmcgaugieq1@latimes.com,Female,Glinka
939,Albie,Wozencraft,awozencraftq2@tmall.com,Male,Pontevedra
940,Drake,Rheubottom,drheubottomq3@surveymonkey.com,Male,Nadvoitsy
941,Tony,Cram,tcramq4@mapy.cz,Male,Chino
942,Graig,Manna,gmannaq5@i2i.jp,Male,Paris 02
943,Fritz,Pluck,fpluckq6@newsvine.com,Male,Luowan
944,Jo,Houlridge,jhoulridgeq7@auda.org.au,Female,Bestovje
945,Sigismondo,Playfoot,splayfootq8@un.org,Male,Navotas
946,Else,Campion,ecampionq9@biblegateway.com,Female,Manisi
947,Tori,Lochrie,tlochrieqa@nationalgeographic.com,Female,Surat Thani
948,Viv,Showalter,vshowalterqb@bbc.co.uk,Female,Catende
949,Torey,Marushak,tmarushakqc@hostgator.com,Female,Pervomays’k
950,Olvan,Ruffey,oruffeyqd@mlb.com,Male,Al Qarārah
951,Kristen,Burrus,kburrusqe@blogspot.com,Female,Qinghaihu
952,Kirstyn,M'cowis,kmcowisqf@theguardian.com,Female,Tân Kỳ
953,Lyssa,Lorenzetti,llorenzettiqg@jugem.jp,Female,Baganga
954,Hilton,Ley,hleyqh@cam.ac.uk,Male,Tielu
955,Kellie,Bush,kbushqi@zdnet.com,Female,Haoba
956,Stefan,Cure,scureqj@ed.gov,Male,Kyshtym
957,Wynne,Beamond,wbeamondqk@arizona.edu,Female,Sotteville-lès-Rouen
958,Caryl,Berthon,cberthonql@nymag.com,Female,Sammatti
959,Hamid,Omar,homarqm@ibm.com,Male,Pulap
960,Kareem,Larcier,klarcierqn@vinaora.com,Male,Libertad
961,Agnella,Bardill,abardillqo@berkeley.edu,Female,Tibati
962,Wilone,Giovanardi,wgiovanardiqp@huffingtonpost.com,Female,Huangtugang
963,Ricoriki,Thatcher,rthatcherqq@mit.edu,Male,Złoczew
964,Corrie,Sanderson,csandersonqr@geocities.com,Female,Salanegara
965,Wallace,Rawes,wrawesqs@pcworld.com,Male,Paynjuwayn
966,Fredelia,Carnoghan,fcarnoghanqt@cnbc.com,Female,Nandaime
967,Dorine,Jamblin,djamblinqu@skype.com,Female,Dolno Palčište
968,Saxe,Syrad,ssyradqv@bizjournals.com,Male,Litvínov
969,Crichton,Wadesworth,cwadesworthqw@jalbum.net,Male,Paris La Défense
970,Oliviero,De Lasci,odelasciqx@storify.com,Male,Bahaodi
971,Lynn,Shephard,lshephardqy@blogtalkradio.com,Female,Studénka
972,Byrle,Bourner,bbournerqz@linkedin.com,Male,Tabonok
973,Kahaleel,Cowndley,kcowndleyr0@yahoo.com,Male,Brikama
974,Damita,Rowlett,drowlettr1@businessweek.com,Female,Tomaszów Mazowiecki
975,Julietta,Faudrie,jfaudrier2@timesonline.co.uk,Female,Moluo
976,Sheff,Van Hove,svanhover3@noaa.gov,Male,Jianghong
977,Ronica,Grier,rgrierr4@flavors.me,Female,Horokhiv
978,Kendall,Easson,keassonr5@nyu.edu,Male,Neuquén
979,Pamelina,Lamb-shine,plambshiner6@answers.com,Female,Melissochóri
980,Barclay,Rugiero,brugieror7@mashable.com,Male,Pikalëvo
981,Rayner,Lincey,rlinceyr8@friendfeed.com,Male,Dayr Dibwān
982,Tanya,Ramsbottom,tramsbottomr9@scientificamerican.com,Female,Uppsala
983,Barnett,Eckhard,beckhardra@feedburner.com,Male,Taiping
984,Hersch,Kolodziej,hkolodziejrb@seesaa.net,Male,Deba Habe
985,Amalle,McMinn,amcminnrc@de.vu,Female,Fort McMurray
986,Ella,Cornwell,ecornwellrd@cornell.edu,Female,Lingdi
987,Gifford,Waycot,gwaycotre@over-blog.com,Male,Czerniejewo
988,Adriane,Gavan,agavanrf@free.fr,Female,San Carlos
989,Sibelle,Ablewhite,sablewhiterg@reference.com,Female,Радолишта
990,Torie,McGloughlin,tmcgloughlinrh@typepad.com,Female,El Paraíso
991,Emalee,Main,emainri@mozilla.com,Female,Harstad
992,Paolo,Bugbird,pbugbirdrj@irs.gov,Male,Lipovci
993,Cliff,Rigate,crigaterk@merriam-webster.com,Male,Šabac
994,Celie,Mc Comb,cmccombrl@ibm.com,Female,Ottawa
995,Hyacinthia,Worters,hwortersrm@walmart.com,Female,As Suwaydā’
996,Yolane,Lambertson,ylambertsonrn@npr.org,Female,Dukuhturi
997,Filberto,Espasa,fespasaro@ifeng.com,Male,Kalinovskaya
998,Winni,Barbary,wbarbaryrp@usda.gov,Female,Boljevac
999,Vern,Castagnaro,vcastagnarorq@pen.io,Male,Donghai
1000,Deena,Myott,dmyottrr@un.org,Female,Vilnius
